{
    "datetime": "20191009100929",
    "currentdepositratio": "0.35%",
    "ratediscounts": null,
    "tradelimit": null,
    "files": null,
    "lowestrisktolerance": null,
    "lowestriskquestioncontent": null,
    "risklevel": "R3-中风险",
    "riskability": null,
    "result": {
        "fundname": "浦银睿智A",
        "fundfullname": "浦银安盛睿智精选灵活配置混合型证券投资基金（A类）",
        "fundcode": "519172",
        "fundtype": "0",
        "fundtypestr": "普通",
        "fundtypedisplay": "03",
        "fundtypedisplaystr": "混合型",
        "sharetype": "A",
        "businflag": null,
        "incomeratio": "0.0000%",
        "risklevel": "2",
        "risklevelstr": "R3-中风险",
        "hfincomeratio": "0.0000",
        "pernetvalue": "1.1180",
        "myFollow": false,
        "buybusin": "022",
        "valuagrstate": "1",
        "productduetime": "0",
        "productdesc": "",
        "productfeature": "",
        "productnature": "",
        "productprofittype": "",
        "productprofitdate": "",
        "startamount": "0.001",
        "middleextra": "{\"jzws\":\"3\"}",
        "subscribedate": null,
        "subscribeenddate": "20160201",
        "producttype": "",
        "productscale": "",
        "productissuedate": "",
        "productmanager": "",
        "producttrustee": "",
        "productstockbroker": "",
        "productfuturebroker": "",
        "productsurvivorterm": "",
        "productexpectedyield": "",
        "productpurchasebase": "",
        "productopentime": "",
        "productinvestmentscope": "",
        "productmanagementfare": "",
        "producttrusteefare": "",
        "productpurchasefare": "",
        "productredeemfare": "",
        "productoutservicefare": "",
        "productincomeallotrule": "",
        "productextracttiming": "",
        "productinvestmentstrategy": "",
        "productstopmechanism": "",
        "productrelatehisperformance": "",
        "productsetupdate": "20160203",
        "productfundmanager": "",
        "productcompintro": "",
        "productinvestgoal": "",
        "producttotasset": null,
        "contractflag": "",
        "privateplacementincomeratio": null,
        "startinvestamount": null,
        "holdperiod": null,
        "effectdate": null,
        "adviceholdenddate": null,
        "expectedyield": null,
        "extend2": null,
        "extend3": null,
        "dayinc": "0.72%",
        "weekinc": "0.72%",
        "fourweekinc": "--",
        "monthinc": "-2.53%",
        "seasonhinc": "6.37%",
        "halfyearhinc": "2.57%",
        "yearinc": "30.61%",
        "thisyearinc": "44.26%",
        "twoyearinc": "-7.76%",
        "threeyearinc": "4.19%",
        "setupinc": "12.25%",
        "fundfees": null,
        "webextend": null,
        "fundstate": "0",
        "fundstatestr": "正常",
        "navdate": "20191008",
        "tags": [
            "行业精选",
            "政策导向"
        ],
        "assetconfigscale": null,
        "defaultautobuy": "1",
        "factcollect": null,
        "funddesc": null,
        "fundmanager": "浦银安盛基金管理有限公司",
        "fundsetupdate": "20160203",
        "fundsubtype": "0",
        "ipoenddate": "20160201",
        "issuedate": "20160104",
        "lastupdatedate": "20190412174230",
        "moneytype": null,
        "paymenttype": "A",
        "performancebenchmark": "本基金业绩比较基准为：沪深300指数收益率*55%+中证全债指数收益率*45%。",
        "prodinvestphilosophy": null,
        "prodinvestscope": null,
        "prodinvestmentstrategy": "二季度，市场基于对贸易战进一步升级的担忧，再次引发了风格的变化。前期游资炒作的狂热情绪有所降温，部分行业因景气度下降，遭到市场抛弃，从而引发估值和盈利双杀的风险，市场再度把焦点放在了景气度持续向上的板块，其中大部分集中在消费板块。\n从中长期来看，消费板块是中国经济确定性很高的大方向。消费虽然是经济发展带来的一个结果。与此同时，消费本身也是经济发展的重要动力之一。我们认为，局部消费板块的股价的确出现了透支未来业绩的情况，从中长期来看，消费仍是中国经济极为重要的方向之一。\n从G20的结果来看，贸易战进一步升温的可能性较小，但是我们认为，在中国真正超越美国成为第一大经济体之前，我们仍会在短期和中期，受到来自美国不同层面的压制。与此同时，只要坚定对外开放、发展经济的大方向不变，我们对中国经济中长期发展抱有强烈的信心。在复杂多变的市场环境下，我们将会继续追逐景气度向上的优势行业，追逐优秀的管理层，以合理价格买入中长期有持续增长的优质个股，这将是我们一以贯之的操作策略。",
        "riskreturncharacter": "本基金为混合型基金，本基金属于中高风险、中高收益的基金品种，其预期风险和预期收益高于债券型基金和货币市场基金，低于股票型基金。",
        "shortname": "浦银睿智A",
        "prodinvestobjective": "本基金通过对股票、固定收益证券、现金等资产的积极灵活配置，在严格控制风险并保证充分流动性的前提下，谋求基金资产的长期稳定增值。",
        "trusteename": "广发证券股份有限公司",
        "managerfee": "1.5%/年",
        "trusteefee": "0.25%/年",
        "servicefare": null,
        "accepthqdate": "20191009",
        "declarestate": "1",
        "subscribestate": "0",
        "withdrawstate": "1",
        "transstate": "1",
        "hopedeclarestate": "1",
        "redeemstate": "1",
        "collectionflag": null,
        "totalnetvalue": "1.1180",
        "operationmode": null,
        "expectyield": null,
        "source": "0",
        "fullname": "浦银安盛睿智精选灵活配置混合型证券投资基金（A类）",
        "custompurchasefeedesc": null,
        "custompurchasefeesw": "0",
        "customredemptfeedesc": null,
        "customredemptfeesw": "0",
        "customsubscriptfeedesc": null,
        "customsubscriptfeesw": "0"
    },
    "successful": true,
    "clientid": "50eeb9f347c344459739e1df274dbad4",
    "code": "ETS-5BP00000",
    "token": null,
    "message": "查询成功"
}