{
    "totalrecords": "20",
    "pagesize": "10000",
    "pageno": "1",
    "result": [
        {
            "fundname": "浦银安盛全球智能科技（QDII）",
            "fundcode": "006555",
            "fundtype": "5",
            "sharetype": null,
            "incomeratio": "0.0000%",
            "dayinc": "-0.17%",
            "navdate": "20190906",
            "hfincomeratio": "0",
            "pernetvalue": "1.0822",
            "totalnetvalue": "1.0822"
        },
        {
            "fundname": "浦银安盛全球智能科技（QDII）",
            "fundcode": "006555",
            "fundtype": "5",
            "sharetype": null,
            "incomeratio": "0.0000%",
            "dayinc": "1.82%",
            "navdate": "20190905",
            "hfincomeratio": "0",
            "pernetvalue": "1.0840",
            "totalnetvalue": "1.0840"
        },
        {
            "fundname": "浦银安盛全球智能科技（QDII）",
            "fundcode": "006555",
            "fundtype": "5",
            "sharetype": null,
            "incomeratio": "0.0000%",
            "dayinc": "1.23%",
            "navdate": "20190904",
            "hfincomeratio": "0",
            "pernetvalue": "1.0646",
            "totalnetvalue": "1.0646"
        },
        {
            "fundname": "浦银安盛全球智能科技（QDII）",
            "fundcode": "006555",
            "fundtype": "5",
            "sharetype": null,
            "incomeratio": "0.0000%",
            "dayinc": "-1.01%",
            "navdate": "20190903",
            "hfincomeratio": "0",
            "pernetvalue": "1.0517",
            "totalnetvalue": "1.0517"
        },
        {
            "fundname": "浦银安盛全球智能科技（QDII）",
            "fundcode": "006555",
            "fundtype": "5",
            "sharetype": null,
            "incomeratio": "0.0000%",
            "dayinc": "-0.04%",
            "navdate": "20190902",
            "hfincomeratio": "0",
            "pernetvalue": "1.0624",
            "totalnetvalue": "1.0624"
        },
        {
            "fundname": "浦银安盛全球智能科技（QDII）",
            "fundcode": "006555",
            "fundtype": "5",
            "sharetype": null,
            "incomeratio": "0.0000%",
            "dayinc": "0.25%",
            "navdate": "20190830",
            "hfincomeratio": "0",
            "pernetvalue": "1.0628",
            "totalnetvalue": "1.0628"
        },
        {
            "fundname": "浦银安盛全球智能科技（QDII）",
            "fundcode": "006555",
            "fundtype": "5",
            "sharetype": null,
            "incomeratio": "0.0000%",
            "dayinc": "1.38%",
            "navdate": "20190829",
            "hfincomeratio": "0",
            "pernetvalue": "1.0602",
            "totalnetvalue": "1.0602"
        },
        {
            "fundname": "浦银安盛全球智能科技（QDII）",
            "fundcode": "006555",
            "fundtype": "5",
            "sharetype": null,
            "incomeratio": "0.0000%",
            "dayinc": "-0.19%",
            "navdate": "20190828",
            "hfincomeratio": "0",
            "pernetvalue": "1.0458",
            "totalnetvalue": "1.0458"
        },
        {
            "fundname": "浦银安盛全球智能科技（QDII）",
            "fundcode": "006555",
            "fundtype": "5",
            "sharetype": null,
            "incomeratio": "0.0000%",
            "dayinc": "0.39%",
            "navdate": "20190827",
            "hfincomeratio": "0",
            "pernetvalue": "1.0478",
            "totalnetvalue": "1.0478"
        },
        {
            "fundname": "浦银安盛全球智能科技（QDII）",
            "fundcode": "006555",
            "fundtype": "5",
            "sharetype": null,
            "incomeratio": "0.0000%",
            "dayinc": "0.57%",
            "navdate": "20190826",
            "hfincomeratio": "0",
            "pernetvalue": "1.0437",
            "totalnetvalue": "1.0437"
        },
        {
            "fundname": "浦银安盛全球智能科技（QDII）",
            "fundcode": "006555",
            "fundtype": "5",
            "sharetype": null,
            "incomeratio": "0.0000%",
            "dayinc": "-1.80%",
            "navdate": "20190823",
            "hfincomeratio": "0",
            "pernetvalue": "1.0378",
            "totalnetvalue": "1.0378"
        },
        {
            "fundname": "浦银安盛全球智能科技（QDII）",
            "fundcode": "006555",
            "fundtype": "5",
            "sharetype": null,
            "incomeratio": "0.0000%",
            "dayinc": "-0.19%",
            "navdate": "20190822",
            "hfincomeratio": "0",
            "pernetvalue": "1.0568",
            "totalnetvalue": "1.0568"
        },
        {
            "fundname": "浦银安盛全球智能科技（QDII）",
            "fundcode": "006555",
            "fundtype": "5",
            "sharetype": null,
            "incomeratio": "0.0000%",
            "dayinc": "1.01%",
            "navdate": "20190821",
            "hfincomeratio": "0",
            "pernetvalue": "1.0588",
            "totalnetvalue": "1.0588"
        },
        {
            "fundname": "浦银安盛全球智能科技（QDII）",
            "fundcode": "006555",
            "fundtype": "5",
            "sharetype": null,
            "incomeratio": "0.0000%",
            "dayinc": "-0.13%",
            "navdate": "20190820",
            "hfincomeratio": "0",
            "pernetvalue": "1.0482",
            "totalnetvalue": "1.0482"
        },
        {
            "fundname": "浦银安盛全球智能科技（QDII）",
            "fundcode": "006555",
            "fundtype": "5",
            "sharetype": null,
            "incomeratio": "0.0000%",
            "dayinc": "1.00%",
            "navdate": "20190819",
            "hfincomeratio": "0",
            "pernetvalue": "1.0496",
            "totalnetvalue": "1.0496"
        },
        {
            "fundname": "浦银安盛全球智能科技（QDII）",
            "fundcode": "006555",
            "fundtype": "5",
            "sharetype": null,
            "incomeratio": "0.0000%",
            "dayinc": "1.22%",
            "navdate": "20190816",
            "hfincomeratio": "0",
            "pernetvalue": "1.0392",
            "totalnetvalue": "1.0392"
        },
        {
            "fundname": "浦银安盛全球智能科技（QDII）",
            "fundcode": "006555",
            "fundtype": "5",
            "sharetype": null,
            "incomeratio": "0.0000%",
            "dayinc": "-0.19%",
            "navdate": "20190815",
            "hfincomeratio": "0",
            "pernetvalue": "1.0267",
            "totalnetvalue": "1.0267"
        },
        {
            "fundname": "浦银安盛全球智能科技（QDII）",
            "fundcode": "006555",
            "fundtype": "5",
            "sharetype": null,
            "incomeratio": "0.0000%",
            "dayinc": "-2.40%",
            "navdate": "20190814",
            "hfincomeratio": "0",
            "pernetvalue": "1.0287",
            "totalnetvalue": "1.0287"
        },
        {
            "fundname": "浦银安盛全球智能科技（QDII）",
            "fundcode": "006555",
            "fundtype": "5",
            "sharetype": null,
            "incomeratio": "0.0000%",
            "dayinc": "1.63%",
            "navdate": "20190813",
            "hfincomeratio": "0",
            "pernetvalue": "1.0540",
            "totalnetvalue": "1.0540"
        },
        {
            "fundname": "浦银安盛全球智能科技（QDII）",
            "fundcode": "006555",
            "fundtype": "5",
            "sharetype": null,
            "incomeratio": "0.0000%",
            "dayinc": "-0.88%",
            "navdate": "20190812",
            "hfincomeratio": "0",
            "pernetvalue": "1.0371",
            "totalnetvalue": "1.0371"
        }
    ],
    "successful": true,
    "clientid": "296d83078c3c44d1bfc76e614bfdeb11",
    "code": "ETS-5BP00000",
    "token": null,
    "message": "查询成功"
}