{
    "files": null,
    "currentdepositratio": "0.35%",
    "ratediscounts": null,
    "tradelimit": null,
    "lowestrisktolerance": null,
    "lowestriskquestioncontent": null,
    "risklevel": "R3-中风险",
    "riskability": null,
    "datetime": "20190909133858",
    "result": {
        "fundname": "浦银安盛全球智能科技（QDII）",
        "fundfullname": "浦银安盛全球智能科技股票型证券投资基金（QDII）",
        "fundcode": "006555",
        "fundtype": "5",
        "fundtypestr": "QDII基金",
        "fundtypedisplay": "06",
        "fundtypedisplaystr": "QDII",
        "sharetype": "A",
        "businflag": null,
        "incomeratio": "0.0000%",
        "risklevel": "2",
        "risklevelstr": "R3-中风险",
        "hfincomeratio": "0.0000",
        "pernetvalue": "1.0840",
        "myFollow": false,
        "buybusin": "022",
        "valuagrstate": "1",
        "productduetime": "0",
        "productdesc": "",
        "productfeature": "",
        "productnature": "",
        "productprofittype": "",
        "productprofitdate": "",
        "startamount": "0.001",
        "middleextra": "{\"subscribeEndDate\":\"20190125\"}",
        "subscribedate": null,
        "subscribeenddate": "20190128",
        "producttype": "",
        "productscale": "",
        "productissuedate": "",
        "productmanager": "",
        "producttrustee": "",
        "productstockbroker": "",
        "productfuturebroker": "",
        "productsurvivorterm": "",
        "productexpectedyield": "",
        "productpurchasebase": "",
        "productopentime": "",
        "productinvestmentscope": "",
        "productmanagementfare": "",
        "producttrusteefare": "",
        "productpurchasefare": "",
        "productredeemfare": "",
        "productoutservicefare": "",
        "productincomeallotrule": "",
        "productextracttiming": "",
        "productinvestmentstrategy": "",
        "productstopmechanism": "",
        "productrelatehisperformance": "",
        "productsetupdate": "20190129",
        "productfundmanager": "",
        "productcompintro": "",
        "productinvestgoal": "",
        "producttotasset": null,
        "contractflag": "",
        "privateplacementincomeratio": null,
        "startinvestamount": null,
        "holdperiod": null,
        "effectdate": null,
        "adviceholdenddate": null,
        "expectedyield": null,
        "extend2": null,
        "extend3": null,
        "dayinc": "1.82%",
        "weekinc": "2.24%",
        "fourweekinc": "--",
        "monthinc": "2.64%",
        "seasonhinc": "6.28%",
        "halfyearhinc": "7.95%",
        "yearinc": "8.38%",
        "thisyearinc": "8.38%",
        "twoyearinc": "8.38%",
        "threeyearinc": "8.38%",
        "setupinc": "8.38%",
        "fundfees": null,
        "webextend": null,
        "fundstate": "0",
        "fundstatestr": "正常",
        "navdate": "20190905",
        "tags": [],
        "assetconfigscale": null,
        "defaultautobuy": "1",
        "factcollect": null,
        "funddesc": null,
        "fundmanager": "浦银安盛基金管理有限公司",
        "fundsetupdate": "20190129",
        "fundsubtype": "0",
        "ipoenddate": "20190128",
        "issuedate": "20190103",
        "lastupdatedate": "20190412174230",
        "moneytype": null,
        "paymenttype": "A",
        "performancebenchmark": "MSCI？All？Country？World？Index（MSCI？ACWI指数）总收益",
        "prodinvestphilosophy": null,
        "prodinvestscope": "本基金主要投资于境内银行存款及现金；境外市场依法发行的股票、债券等金融工具及法律法规或中国证监会允许基金投资的其他金融工具，具体包括：已与中国证监会签署双边监管合作谅解备忘录的国家或地区证券市场挂牌交易的普通股、优先股、全球存托凭证和美国存托凭证、房地产信托凭证；银行存款、可转让存单、银行承兑汇票、银行票据、商业票据、短期政府债券等货币市场工具；政府债券、公司债券、可转换债券、住房按揭支持证券、资产支持证券等及经中国证监会认可的国际金融组织发行的证券；在已与中国证监会签署双边监管合作谅解备忘录的国家或地区证券监管机构登记注册的公募基金（包括ETF）；法律、法规或中国证监会允许基金投资的其他金融工具。如法律法规或监管机构以后允许基金投资的其他品种，基金管理人在履行适当程序后，可以将其纳入投资范围。\r\n基金的投资组合比例为：本基金投资组合中股票市值占基金资产的比例不低于80%，其中投资于与智能科技相关股票的比例不低于非现金基金资产的80%；现金和到期日在一年以内的政府债券不低于基金资产净值的5%，其中现金不包括结算备付金、存出保证金、应收申购款等。\r\n本基金投资于全球市场，其中主要境外市场有：美国、欧洲、日本等国家或地区。其中，投资各个市场股票及其他权益类证券市值占基金资产净值的比例上限如下：美国为95%，欧洲为50%，日本为50%，其他国家或地区为50%。\r\n",
        "prodinvestmentstrategy": "在正常的市场条件下，本基金将在基金合同以及法律法规所允许的投资范围内，最大程度的持有股票类资产。当基金经理认为足够审慎时，本基金亦可以将小部分资产配置于债券类和现金类等大类资产上。",
        "riskreturncharacter": "本基金为股票型基金，其预期风险和预期收益高于混合型基金、债券型基金和货币市场基金。",
        "shortname": "浦银全球智能（QDII）",
        "prodinvestobjective": "本基金重点关注受益于代表全球智能科技等相关行业股票，在严格控制投资风险的前提下，谋求基金资产的长期稳定增值。\n\n",
        "trusteename": "招商银行股份有限公司",
        "managerfee": "1.80%",
        "trusteefee": "0.35%",
        "servicefare": null,
        "accepthqdate": "20190909",
        "declarestate": "1",
        "subscribestate": "0",
        "withdrawstate": "1",
        "transstate": "1",
        "hopedeclarestate": "1",
        "redeemstate": "1",
        "collectionflag": null,
        "totalnetvalue": "1.0840",
        "operationmode": null,
        "expectyield": null,
        "source": "0",
        "fullname": "浦银安盛全球智能科技股票型证券投资基金（QDII）",
        "custompurchasefeedesc": null,
        "custompurchasefeesw": "0",
        "customredemptfeedesc": null,
        "customredemptfeesw": "0",
        "customsubscriptfeedesc": null,
        "customsubscriptfeesw": "0"
    },
    "successful": true,
    "clientid": "e025837a573b4aea96d3ee7e0cd2f809",
    "code": "ETS-5BP00000",
    "token": null,
    "message": "查询成功"
}