{
    "page":[
        {
            "type":"banner",
            "templateRelatId":11,
            "data":[
                {
                    "id":11,
                    "templateDataId":12,
                    "name":"主题基金",
                    "desc":"内链-产品",
                    "mobileImgFilename":"http://101.71.12.145:7705/upload/image/0a9636013d7d42b9b6caa08529a4b6e7.png",
                    "mobileLinkType":"3",
                    "mobileLink":"https://p9dj624jk.lightyy.com/index.html?p=HSJY_0000/index",
                    "mobileDesc":null,
                    "pcImgFilename":null,
                    "pcLinkType":null,
                    "pcLink":null,
                    "pcDesc":null
                },
                {
                    "id":13,
                    "templateDataId":18,
                    "name":"基金排名",
                    "desc":"自定义-外链",
                    "mobileImgFilename":"http://101.71.12.145:7705/upload/image/481a416815ce40f48dcb6f204bc26f06.png",
                    "mobileLinkType":"3",
                    "mobileLink":"https://mcpc6pje8.lightyy.com/jjrankings.html?p=hsjy_0000&fontflag=1/jjf10/jjrankings",
                    "mobileDesc":null,
                    "pcImgFilename":null,
                    "pcLinkType":null,
                    "pcLink":null,
                    "pcDesc":null
                }
            ]
        },
        {
            "type":"themeRecommMatrix2",
            "templateRelatId":49,
            "recommTitle":"null",
            "extendedUrl":"null",
            "data":[
                {
                    "id":27,
                    "templateDataId":50,
                    "type":"1",
                    "title":"布局制造业",
                    "subTitle":null,
                    "linkType":"1",
                    "link":"000714",
                    "mobileShowType":"2",
                    "mobileShowImgFilename":null,
                    "mobileShowIncInterval":"近一日涨跌幅",
                    "mobilePubImgFilename":null,
                    "mobilePubText":null,
                    "rate":"5.50",
                    "netValueDate":"2019-08-18",
                    "unit":"%",
                    "extendedUrl":null,
                    "fundinfo":{
                        "fundcode":"000714",
                        "fundname":"恒生稳健回报混合A",
                        "shortname":"恒生稳健",
                        "fundtype":"A",
                        "fundtypeName":"混合型",
                        "fundtypeDisplay":"04",
                        "fundtypeDisplayName":"混合型",
                        "tags":[
                            "收益稳健",
                            "混合投资"
                        ]
                    },
                    "dsFundInfo":{
                        "ofund_risklevel":"4",
                        "nav_total":"1.14",
                        "fund_status":"0",
                        "nav_date":"20190815",
                        "fund_name":"恒生稳健回报混合A",
                        "ofund_type":"A",
                        "fund_code":"000714",
                        "pre_income_ratio":"0",
                        "pre_yield":"null",
                        "net_value":"1.14",
                        "fund_full_name":"恒生稳健回报混合A",
                        "accept_hq_date":"20190816",
                        "manager_code":"25",
                        "setup_date":"20190731",
                        "fund_sub_type":"0",
                        "ta_code":"25"
                    },
                    "trustFundInfo":null
                },
                {
                    "id":28,
                    "templateDataId":51,
                    "type":"1",
                    "title":"回报稳健",
                    "subTitle":null,
                    "linkType":"1",
                    "link":"000559",
                    "mobileShowType":"2",
                    "mobileShowImgFilename":null,
                    "mobileShowIncInterval":"七日年化收益率",
                    "mobilePubImgFilename":null,
                    "mobilePubText":null,
                    "rate":"16.8996",
                    "netValueDate":"2019-08-18",
                    "unit":"%",
                    "extendedUrl":null,
                    "fundinfo":{
                        "fundcode":"000559",
                        "fundname":"恒生天天宝货币市场基金A",
                        "shortname":"天天宝货币市场基金A",
                        "fundtype":"2",
                        "fundtypeName":"货币",
                        "fundtypeDisplay":"00",
                        "fundtypeDisplayName":"货币型",
                        "tags":[
                            "大数据",
                            "数据时代",
                            "投资灵活"
                        ]
                    },
                    "dsFundInfo":{
                        "ofund_risklevel":"0",
                        "nav_total":"1",
                        "fund_status":"0",
                        "nav_date":"20190815",
                        "fund_name":"恒生天天宝货币市场基金A",
                        "ofund_type":"2",
                        "fund_code":"000559",
                        "pre_income_ratio":"16.1781",
                        "pre_yield":"null",
                        "net_value":"1",
                        "fund_full_name":"恒生天天宝货币市场基金A",
                        "accept_hq_date":"20190816",
                        "manager_code":"25",
                        "setup_date":"20190731",
                        "fund_sub_type":"0",
                        "ta_code":"25"
                    },
                    "trustFundInfo":null
                },
                {
                    "id":29,
                    "templateDataId":52,
                    "type":"1",
                    "title":"新生经济",
                    "subTitle":null,
                    "linkType":"1",
                    "link":"000971",
                    "mobileShowType":"2",
                    "mobileShowImgFilename":null,
                    "mobileShowIncInterval":"近一日涨跌幅",
                    "mobilePubImgFilename":null,
                    "mobilePubText":null,
                    "rate":"-10.00",
                    "netValueDate":"2019-08-18",
                    "unit":"%",
                    "extendedUrl":null,
                    "fundinfo":{
                        "fundcode":"000971",
                        "fundname":"恒生新经济股票",
                        "shortname":"恒生新经济",
                        "fundtype":"0",
                        "fundtypeName":"普通",
                        "fundtypeDisplay":"02",
                        "fundtypeDisplayName":"股票型",
                        "tags":[
                            "定期开放"
                        ]
                    },
                    "dsFundInfo":{
                        "ofund_risklevel":"1",
                        "nav_total":"1.24",
                        "fund_status":"0",
                        "nav_date":"20190815",
                        "fund_name":"恒生新经济股票",
                        "ofund_type":"0",
                        "fund_code":"000971",
                        "pre_income_ratio":"0",
                        "pre_yield":"null",
                        "net_value":"1.14",
                        "fund_full_name":"恒生新经济股票",
                        "accept_hq_date":"20190816",
                        "manager_code":"25",
                        "setup_date":"20190731",
                        "fund_sub_type":"0",
                        "ta_code":"25"
                    },
                    "trustFundInfo":null
                }
            ]
        },
        {
            "type":"shortcuts",
            "templateRelatId":53,
            "data":[
                {
                    "id":4,
                    "templateDataId":56,
                    "title":"科创板来啦",
                    "subTitle":"科创为王",
                    "iconFilename":"http://101.71.12.145:7705/upload/image/d631b15b659c4a1896b78adbfa275df8.png",
                    "linkType":"3",
                    "link":"https://q2bnwe0hr.lightyy.com/index.html?p=hsjy_0000&h=0/index",
                    "memo":null
                },
                {
                    "id":5,
                    "templateDataId":57,
                    "title":"技术投资",
                    "subTitle":"量化策略",
                    "iconFilename":"http://101.71.12.145:7705/upload/image/09be0eefc46a401aab2acd0035110d63.png",
                    "linkType":"3",
                    "link":"https://0pxukntxv.lightyy.com/index.html?p=hsjy_0000&fontflag=1",
                    "memo":null
                }
            ]
        },
        {
            "type": "recommProds",
            "templateRelatId": 18,
            "recommTitle": "大家都在买",
            "extendedUrl": "null",
            "data": [{
                "id": 2,
                "templateDataId": 16,
                "type": "1",
                "title": "回报稳健",
                "subTitle": "推荐基金",
                "linkType": "1",
                "link": "000559",
                "mobileShowType": "2",
                "mobileShowImgFilename": null,
                "mobileShowIncInterval": "七日年化收益率",
                "mobilePubImgFilename": null,
                "mobilePubText": null,
                "rate": "16.8996",
                "netValueDate": "2019-08-18",
                "unit": "%",
                "extendedUrl": null,
                "fundinfo": {
                    "fundcode": "000559",
                    "fundname": "恒生天天宝货币市场基金A",
                    "shortname": "天天宝货币市场基金A",
                    "fundtype": "2",
                    "fundtypeName": "货币",
                    "fundtypeDisplay": "00",
                    "fundtypeDisplayName": "货币型",
                    "tags": ["大数据", "数据时代", "投资灵活"]
                },
                "dsFundInfo": {
                    "ofund_risklevel": "0",
                    "nav_total": "1",
                    "fund_status": "0",
                    "nav_date": "20190818",
                    "fund_name": "恒生天天宝货币市场基金A",
                    "ofund_type": "2",
                    "fund_code": "000559",
                    "pre_income_ratio": "13.4818",
                    "pre_yield": "null",
                    "net_value": "1",
                    "fund_full_name": "恒生天天宝货币市场基金A",
                    "accept_hq_date": "20190819",
                    "manager_code": "25",
                    "setup_date": "20190731",
                    "fund_sub_type": "0",
                    "ta_code": "25"
                },
                "trustFundInfo": null
            }, {
                "id": 14,
                "templateDataId": 28,
                "type": "1",
                "title": "定期开放",
                "subTitle": null,
                "linkType": "1",
                "link": "000971",
                "mobileShowType": "2",
                "mobileShowImgFilename": null,
                "mobileShowIncInterval": "近一日涨跌幅",
                "mobilePubImgFilename": null,
                "mobilePubText": null,
                "rate": "-10.00",
                "netValueDate": "2019-08-18",
                "unit": "%",
                "extendedUrl": null,
                "fundinfo": {
                    "fundcode": "000971",
                    "fundname": "恒生新经济股票",
                    "shortname": "恒生新经济",
                    "fundtype": "0",
                    "fundtypeName": "普通",
                    "fundtypeDisplay": "02",
                    "fundtypeDisplayName": "股票型",
                    "tags": ["定期开放"]
                },
                "dsFundInfo": {
                    "ofund_risklevel": "1",
                    "nav_total": "1.18",
                    "fund_status": "0",
                    "nav_date": "20190818",
                    "fund_name": "恒生新经济股票",
                    "ofund_type": "0",
                    "fund_code": "000971",
                    "pre_income_ratio": "0",
                    "pre_yield": "null",
                    "net_value": "1.08",
                    "fund_full_name": "恒生新经济股票",
                    "accept_hq_date": "20190819",
                    "manager_code": "25",
                    "setup_date": "20190731",
                    "fund_sub_type": "0",
                    "ta_code": "25"
                },
                "trustFundInfo": null
            }, {
                "id": 15,
                "templateDataId": 29,
                "type": "1",
                "title": "信用债主题",
                "subTitle": null,
                "linkType": "1",
                "link": "320014",
                "mobileShowType": "2",
                "mobileShowImgFilename": null,
                "mobileShowIncInterval": "近一日涨跌幅",
                "mobilePubImgFilename": null,
                "mobilePubText": null,
                "rate": "3.81",
                "netValueDate": "2019-08-18",
                "unit": "%",
                "extendedUrl": null,
                "fundinfo": {
                    "fundcode": "320014",
                    "fundname": "恒生上证新兴产业交易型开放式指数证券投资",
                    "shortname": "恒生上证",
                    "fundtype": "F",
                    "fundtypeName": "指数型",
                    "fundtypeDisplay": "05",
                    "fundtypeDisplayName": "指数型",
                    "tags": ["指数为王", "上证50"]
                },
                "dsFundInfo": {
                    "ofund_risklevel": "3",
                    "nav_total": "1.09",
                    "fund_status": "0",
                    "nav_date": "20190818",
                    "fund_name": "恒生上证新兴产业交易型开放式指数证券投资",
                    "ofund_type": "F",
                    "fund_code": "320014",
                    "pre_income_ratio": "0",
                    "pre_yield": "null",
                    "net_value": "1.09",
                    "fund_full_name": "恒生上证新兴产业交易型开放式指数证券投资",
                    "accept_hq_date": "20190819",
                    "manager_code": "25",
                    "setup_date": "20190731",
                    "fund_sub_type": "0",
                    "ta_code": "25"
                },
                "trustFundInfo": null
            }]
        }
    ]
}