{	"page": [{
		"type": "banner",
		"templateRelatId": 2,
		"data": [{
			"id": 2,
			"templateDataId": 2,
			"name": "财经日历",
			"desc": null,
			"mobileImgFilename": "http://101.71.12.145:7705/upload/image/65c130de5b1e4cad818ac44f966c5db9.png",
			"mobileLinkType": "3",
			"mobileLink": "https://mcpc6pje8.lightyy.com/economiccalendar.html?p=hsjy_0000&gc=0&fontflag=1&parUrl=https://mcpc6pje8.lightyy.com/light_index.html&len=46/economicCalendar",
			"mobileDesc": null,
			"pcImgFilename": null,
			"pcLinkType": null,
			"pcLink": null,
			"pcDesc": null
		}, {
			"id": 21,
			"templateDataId": 24,
			"name": "热点概念",
			"desc": null,
			"mobileImgFilename": "http://101.71.12.145:7705/upload/image/e456acde71ef44caa76903e6bd0bae7d.png",
			"mobileLinkType": "3",
			"mobileLink": "https://y2eida92e.lightyy.com/index.html?p=HSJY_0000/hotConcept",
			"mobileDesc": null,
			"pcImgFilename": null,
			"pcLinkType": null,
			"pcLink": null,
			"pcDesc": null
		}, {
			"id": 34,
			"templateDataId": 90,
			"name": "财经视频",
			"desc": null,
			"mobileImgFilename": "http://101.71.12.145:7705/upload/image/c3be0db3325e45119a50eaab27bcf232.png",
			"mobileLinkType": "3",
			"mobileLink": "http://video.cfbond.com/APPkhdspym/tg/index.shtml",
			"mobileDesc": null,
			"pcImgFilename": null,
			"pcLinkType": null,
			"pcLink": null,
			"pcDesc": null
		}]
	}, {
		"type": "shortcuts",
		"templateRelatId": 81,
		"data": [{
			"id": 2,
			"templateDataId": 83,
			"title": "基金排名",
			"subTitle": null,
			"iconFilename": "http://101.71.12.145:7705/upload/image/e373ee3f3b4d4ea28f7d6263f2ccd5ef.png",
			"linkType": "3",
			"link": "https://mcpc6pje8.lightyy.com/jjrankings.html?p=hsjy_0000&fontflag=1/jjf10/jjrankings",
			"memo": "自定义-外链"
		}, {
			"id": 1,
			"templateDataId": 82,
			"title": "基金诊断",
			"subTitle": null,
			"iconFilename": "http://101.71.12.145:7705/upload/image/965fb8ca64904981ba0db19cf48024d5.png",
			"linkType": "3",
			"link": "https://464ne3mkj.lightyy.com/index.html?p=hsjy_0000&s=240001/index/fundDiagnosis",
			"memo": "自定义-外链"
		}, {
			"id": 3,
			"templateDataId": 84,
			"title": "智能问答",
			"subTitle": null,
			"iconFilename": "http://101.71.12.145:7705/upload/image/0a4997fcef404d12a5e0d25a2b26bf0b.png",
			"linkType": "3",
			"link": "https://67r66py8a.lightyy.com/index.html?p=hsjy_0000#/fund_index",
			"memo": "内链-产品"
		}, {
			"id": 21,
			"templateDataId": 89,
			"title": "股票年报",
			"subTitle": null,
			"iconFilename": "http://101.71.12.145:7705/upload/image/04432ede8185434dadedfa8a9042f4d9.png",
			"linkType": "3",
			"link": "https://visual.cfbond.com/zzb-cow/#/index?orgcode=bbacd583-b407-4e23-adbb-9400f47b475c&year=2018&search=1",
			"memo": null
		}]
    }, 
    {
		"type": "recommProds",
		"templateRelatId": 18,
		"recommTitle": "大家都在买",
		"extendedUrl": "null",
		"data": [{
			"id": 2,
			"templateDataId": 16,
			"type": "1",
			"title": "回报稳健",
			"subTitle": "推荐基金",
			"linkType": "1",
			"link": "000559",
			"mobileShowType": "2",
			"mobileShowImgFilename": null,
			"mobileShowIncInterval": "七日年化收益率",
			"mobilePubImgFilename": null,
			"mobilePubText": null,
			"rate": "16.8996",
			"netValueDate": "2019-08-18",
			"unit": "%",
			"extendedUrl": null,
			"fundinfo": {
				"fundcode": "000559",
				"fundname": "恒生天天宝货币市场基金A",
				"shortname": "天天宝货币市场基金A",
				"fundtype": "2",
				"fundtypeName": "货币",
				"fundtypeDisplay": "00",
				"fundtypeDisplayName": "货币型",
				"tags": ["大数据", "数据时代", "投资灵活"]
			},
			"dsFundInfo": {
				"ofund_risklevel": "0",
				"nav_total": "1",
				"fund_status": "0",
				"nav_date": "20190818",
				"fund_name": "恒生天天宝货币市场基金A",
				"ofund_type": "2",
				"fund_code": "000559",
				"pre_income_ratio": "13.4818",
				"pre_yield": "null",
				"net_value": "1",
				"fund_full_name": "恒生天天宝货币市场基金A",
				"accept_hq_date": "20190819",
				"manager_code": "25",
				"setup_date": "20190731",
				"fund_sub_type": "0",
				"ta_code": "25"
			},
			"trustFundInfo": null
		}, {
			"id": 14,
			"templateDataId": 28,
			"type": "1",
			"title": "定期开放",
			"subTitle": null,
			"linkType": "1",
			"link": "000971",
			"mobileShowType": "2",
			"mobileShowImgFilename": null,
			"mobileShowIncInterval": "近一日涨跌幅",
			"mobilePubImgFilename": null,
			"mobilePubText": null,
			"rate": "-10.00",
			"netValueDate": "2019-08-18",
			"unit": "%",
			"extendedUrl": null,
			"fundinfo": {
				"fundcode": "000971",
				"fundname": "恒生新经济股票",
				"shortname": "恒生新经济",
				"fundtype": "0",
				"fundtypeName": "普通",
				"fundtypeDisplay": "02",
				"fundtypeDisplayName": "股票型",
				"tags": ["定期开放"]
			},
			"dsFundInfo": {
				"ofund_risklevel": "1",
				"nav_total": "1.18",
				"fund_status": "0",
				"nav_date": "20190818",
				"fund_name": "恒生新经济股票",
				"ofund_type": "0",
				"fund_code": "000971",
				"pre_income_ratio": "0",
				"pre_yield": "null",
				"net_value": "1.08",
				"fund_full_name": "恒生新经济股票",
				"accept_hq_date": "20190819",
				"manager_code": "25",
				"setup_date": "20190731",
				"fund_sub_type": "0",
				"ta_code": "25"
			},
			"trustFundInfo": null
		}, {
			"id": 15,
			"templateDataId": 29,
			"type": "1",
			"title": "信用债主题",
			"subTitle": null,
			"linkType": "1",
			"link": "320014",
			"mobileShowType": "2",
			"mobileShowImgFilename": null,
			"mobileShowIncInterval": "近一日涨跌幅",
			"mobilePubImgFilename": null,
			"mobilePubText": null,
			"rate": "3.81",
			"netValueDate": "2019-08-18",
			"unit": "%",
			"extendedUrl": null,
			"fundinfo": {
				"fundcode": "320014",
				"fundname": "恒生上证新兴产业交易型开放式指数证券投资",
				"shortname": "恒生上证",
				"fundtype": "F",
				"fundtypeName": "指数型",
				"fundtypeDisplay": "05",
				"fundtypeDisplayName": "指数型",
				"tags": ["指数为王", "上证50"]
			},
			"dsFundInfo": {
				"ofund_risklevel": "3",
				"nav_total": "1.09",
				"fund_status": "0",
				"nav_date": "20190818",
				"fund_name": "恒生上证新兴产业交易型开放式指数证券投资",
				"ofund_type": "F",
				"fund_code": "320014",
				"pre_income_ratio": "0",
				"pre_yield": "null",
				"net_value": "1.09",
				"fund_full_name": "恒生上证新兴产业交易型开放式指数证券投资",
				"accept_hq_date": "20190819",
				"manager_code": "25",
				"setup_date": "20190731",
				"fund_sub_type": "0",
				"ta_code": "25"
			},
			"trustFundInfo": null
		}]
    }, 
    {
		"type": "cmsNewsList",
		"templateRelatId": 82,
		"data": {
			"cmsTitle": "最新资讯",
			"cmsExtendedUrl": "https://mcpc6pje8.lightyy.com/marketinfo.html?pid=32,34,35,36,37&p=hsjy_0000&fontflag=1#/marketinfo/fic_news?ywtype=fic_NewsJJ",
			"categoryIds": "",
			"cmsLabel": "资讯",
			"page_url_prefix": "http://101.71.12.145:7705/upload/template/cms/generate/",
			"pic_url_prefix": "http://101.71.12.145:7705/upload/image/",
			"attachment_url_prefix": "http://101.71.12.145:7705/upload/attachment/",
			"dataList": [{
				"category_name": null,
				"keywords": null,
				"activation_date": "20190813172440",
				"publish_user_id": "8EAE16000D045D01E053C620140A756B",
				"channel": null,
				"click_count": 0,
				"memo": null,
				"chainserial": null,
				"source": null,
				"expiration_date": null,
				"title": "A股三大股指午盘表现低迷！券商主题基金陷入调整",
				"type": "3",
				"content": null,
				"announce_time": null,
				"update_time": "2019-08-13 17:29:19",
				"update_user_id": "8EAE16000D045D01E053C620140A756B",
				"attachmentList": [],
				"publish_time": "2019-08-13 17:29:19",
				"pic_filename": null,
				"id": 3,
				"article_template": null,
				"page_size": 0,
				"create_user_id": "8EAE16000D045D01E053C620140A756B",
				"like_count": 0,
				"visible": "1",
				"create_time": "2019-08-13 17:25:22",
				"author": null,
				"total_count": 0,
				"page_no": 0,
				"sort": 0,
				"version": null,
				"url": "https://mcpc6pje8.lightyy.com/fic_news_detail.html?id=5d522c900c206e00014a1a47&h=null&p=hsjy_0000&u=null&t=null&sharetitle=A%E8%82%A1%E4%B8%89%E5%A4%A7%E8%82%A1%E6%8C%87%E5%8D%88%E7%9B%98%E8%A1%A8%E7%8E%B0%E4%BD%8E%E8%BF%B7%EF%BC%81%E5%88%B8%E5%95%86%E4%B8%BB%E9%A2%98%E5%9F%BA%E9%87%91%E9%99%B7%E5%85%A5%E8%B0%83%E6%95%B4&p=hsjy_0000&fontflag=1#/marketinfo/fic_news_detail",
				"filename": null,
				"status": "4"
			}, {
				"category_name": null,
				"keywords": null,
				"activation_date": "20190813172058",
				"publish_user_id": "8EAE16000D045D01E053C620140A756B",
				"channel": null,
				"click_count": 0,
				"memo": null,
				"chainserial": null,
				"source": null,
				"expiration_date": null,
				"title": "5分钟撩基 | 这只基金几乎空仓1年了！持有人已不耐烦，份额却不减反增",
				"type": "3",
				"content": null,
				"announce_time": null,
				"update_time": "2019-08-13 17:29:18",
				"update_user_id": "8EAE16000D045D01E053C620140A756B",
				"attachmentList": [],
				"publish_time": "2019-08-13 17:29:18",
				"pic_filename": null,
				"id": 2,
				"article_template": null,
				"page_size": 0,
				"create_user_id": "8EAE16000D045D01E053C620140A756B",
				"like_count": 0,
				"visible": "1",
				"create_time": "2019-08-13 17:21:22",
				"author": null,
				"total_count": 0,
				"page_no": 0,
				"sort": 0,
				"version": null,
				"url": "https://mcpc6pje8.lightyy.com/fic_news_detail.html?id=5d51320d9be19500010f6842&h=null&p=null&u=null&t=null&sharetitle=5%E5%88%86%E9%92%9F%E6%92%A9%E5%9F%BA%20%7C%20%E8%BF%99%E5%8F%AA%E5%9F%BA%E9%87%91%E5%87%A0%E4%B9%8E%E7%A9%BA%E4%BB%931%E5%B9%B4%E4%BA%86%EF%BC%81%E6%8C%81%E6%9C%89%E4%BA%BA%E5%B7%B2%E4%B8%8D%E8%80%90%E7%83%A6%EF%BC%8C%E4%BB%BD%E9%A2%9D%E5%8D%B4%E4%B8%8D%E5%87%8F%E5%8F%8D%E5%A2%9E#/marketinfo/fic_news_detail",
				"filename": null,
				"status": "4"
			}, {
				"category_name": null,
				"keywords": null,
				"activation_date": "20190813172010",
				"publish_user_id": "8EAE16000D045D01E053C620140A756B",
				"channel": null,
				"click_count": 0,
				"memo": null,
				"chainserial": null,
				"source": null,
				"expiration_date": null,
				"title": "牛基问诊 | 三年重仓大盘股，易方达中小盘为什么这么浪？",
				"type": "3",
				"content": null,
				"announce_time": null,
				"update_time": "2019-08-13 17:29:15",
				"update_user_id": "8EAE16000D045D01E053C620140A756B",
				"attachmentList": [],
				"publish_time": "2019-08-13 17:29:15",
				"pic_filename": null,
				"id": 1,
				"article_template": null,
				"page_size": 0,
				"create_user_id": "8EAE16000D045D01E053C620140A756B",
				"like_count": 0,
				"visible": "1",
				"create_time": "2019-08-13 17:20:53",
				"author": null,
				"total_count": 0,
				"page_no": 0,
				"sort": 0,
				"version": null,
				"url": "https://mcpc6pje8.lightyy.com/fic_news_detail.html?id=5d5133f21334160001835c52&h=null&p=null&u=null&t=null&sharetitle=%E7%89%9B%E5%9F%BA%E9%97%AE%E8%AF%8A%20%7C%20%E4%B8%89%E5%B9%B4%E9%87%8D%E4%BB%93%E5%A4%A7%E7%9B%98%E8%82%A1%EF%BC%8C%E6%98%93%E6%96%B9%E8%BE%BE%E4%B8%AD%E5%B0%8F%E7%9B%98%E4%B8%BA%E4%BB%80%E4%B9%88%E8%BF%99%E4%B9%88%E6%B5%AA%EF%BC%9F#/marketinfo/fic_news_detail",
				"filename": null,
				"status": "4"
			}]
		}
	}]
}