{
    "funddisplayDict": [{
            "memo": null,
            "caption": "货币型",
            "keyvalue": "00"
        },
        {
            "memo": null,
            "caption": "债券型",
            "keyvalue": "01"
        },
        {
            "memo": null,
            "caption": "股票型",
            "keyvalue": "02"
        },
        {
            "memo": null,
            "caption": "保本型",
            "keyvalue": "03"
        },
        {
            "memo": null,
            "caption": "混合型",
            "keyvalue": "04"
        },
        {
            "memo": null,
            "caption": "指数型",
            "keyvalue": "05"
        },
        {
            "memo": null,
            "caption": "QDII",
            "keyvalue": "06"
        },
        {
            "memo": null,
            "caption": "短期理财",
            "keyvalue": "07"
        },
        {
            "memo": null,
            "caption": "货币ETF",
            "keyvalue": "08"
        },
        {
            "memo": null,
            "caption": "小集合计划",
            "keyvalue": "09"
        },
        {
            "memo": null,
            "caption": "专户理财",
            "keyvalue": "10"
        },
        {
            "memo": null,
            "caption": "FOF",
            "keyvalue": "11"
        }
    ],
    "smallCollectionProductStyleDic": [{
            "memo": null,
            "caption": "量化投资",
            "keyvalue": "0"
        },
        {
            "memo": null,
            "caption": "定向增发",
            "keyvalue": "1"
        },
        {
            "memo": null,
            "caption": "员工持股",
            "keyvalue": "2"
        },
        {
            "memo": null,
            "caption": "投顾产品",
            "keyvalue": "3"
        },
        {
            "memo": null,
            "caption": "新三板",
            "keyvalue": "4"
        },
        {
            "memo": null,
            "caption": "股票质押",
            "keyvalue": "5"
        },
        {
            "memo": null,
            "caption": "非标投资",
            "keyvalue": "6"
        },
        {
            "memo": null,
            "caption": "其它投资",
            "keyvalue": "7"
        }
    ],
    "myFollows": [],
    "fundDict": [{
            "memo": null,
            "caption": "普通",
            "keyvalue": "0"
        },
        {
            "memo": null,
            "caption": "短债",
            "keyvalue": "1"
        },
        {
            "memo": null,
            "caption": "货币",
            "keyvalue": "2"
        },
        {
            "memo": null,
            "caption": "保本基金",
            "keyvalue": "4"
        },
        {
            "memo": null,
            "caption": "QDII基金",
            "keyvalue": "5"
        },
        {
            "memo": null,
            "caption": "FOF基金",
            "keyvalue": "6"
        },
        {
            "memo": null,
            "caption": "专户产品",
            "keyvalue": "8"
        },
        {
            "memo": null,
            "caption": "超短期理财产品",
            "keyvalue": "9"
        },
        {
            "memo": null,
            "caption": "混合型",
            "keyvalue": "A"
        },
        {
            "memo": null,
            "caption": "偏股型",
            "keyvalue": "B"
        },
        {
            "memo": null,
            "caption": "股债平衡型",
            "keyvalue": "C"
        },
        {
            "memo": null,
            "caption": "偏债型",
            "keyvalue": "D"
        },
        {
            "memo": null,
            "caption": "债券型",
            "keyvalue": "E"
        },
        {
            "memo": null,
            "caption": "指数型",
            "keyvalue": "F"
        },
        {
            "memo": null,
            "caption": "LOF",
            "keyvalue": "G"
        },
        {
            "memo": null,
            "caption": "私募",
            "keyvalue": "H"
        },
        {
            "memo": null,
            "caption": "信托",
            "keyvalue": "I"
        },
        {
            "memo": null,
            "caption": "集合理财",
            "keyvalue": "J"
        },
        {
            "memo": null,
            "caption": "专项资产管理",
            "keyvalue": "K"
        },
        {
            "memo": null,
            "caption": "分级债基金",
            "keyvalue": "M"
        },
        {
            "memo": null,
            "caption": "大集合理财产品",
            "keyvalue": "N"
        },
        {
            "memo": null,
            "caption": "其他",
            "keyvalue": "O"
        },
        {
            "memo": null,
            "caption": "OTC基金",
            "keyvalue": "P"
        },
        {
            "memo": null,
            "caption": "挂牌",
            "keyvalue": "Q"
        },
        {
            "memo": null,
            "caption": "定向",
            "keyvalue": "R"
        },
        {
            "memo": null,
            "caption": "ETF联接型",
            "keyvalue": "S"
        },
        {
            "memo": null,
            "caption": "小集合理财产品",
            "keyvalue": "T"
        },
        {
            "memo": null,
            "caption": "股票型",
            "keyvalue": "U"
        },
        {
            "memo": null,
            "caption": "商品型",
            "keyvalue": "V"
        },
        {
            "memo": null,
            "caption": "收益凭证产品",
            "keyvalue": "W"
        },
        {
            "memo": null,
            "caption": "保险产品",
            "keyvalue": "X"
        }
    ],
    "tradeLimitMap": null,
    "datetime": "20190905161927",
    "bigCollectionProductStyleDic": [{
            "memo": null,
            "caption": "限定性",
            "keyvalue": "0"
        },
        {
            "memo": null,
            "caption": "非限定性",
            "keyvalue": "1"
        },
        {
            "memo": null,
            "caption": "主动管理",
            "keyvalue": "2"
        }
    ],
    "bigManagementProductLineDic": [],
    "samllManagementProductLineDic": [],
    "popupAdQueryList": null,
    "productList": [{
            "fundname": "恒生泰鑫一年定开B",
            "fundfullname": "恒生泰鑫一年定开B",
            "shortname": "恒生泰鑫",
            "shortpinyin": "HSTX",
            "fundcode": "012801",
            "managerfee": "0.05%",
            "trusteefee": "0.05%",
            "fundtype": "0",
            "fundsubtype": "0",
            "manageproductstyle": null,
            "proseries": null,
            "manageproductperiod": null,
            "startamount": ".24",
            "middleextra": null,
            "productduetime": null,
            "fundtypestr": "普通",
            "fundtypedisplay": "02",
            "fundtypedisplaystr": "股票型",
            "contractflag": "",
            "fundstate": "3",
            "fundstatestr": "发行失败",
            "risklevel": "2",
            "risklevelstr": "R3-中风险",
            "sharetype": "A,B",
            "hfincomeratio": "0.0000",
            "incomeratio": "0.0000%",
            "expectedyield": null,
            "buybusin": "020",
            "navdate": "20190904",
            "accepthqdate": "20190905",
            "pernetvalue": "1.0000",
            "totalnetvalue": "1.0000",
            "dayinc": "0.00%",
            "weekinc": "-1.96%",
            "fourweekinc": "--",
            "monthinc": "-1.96%",
            "seasonhinc": "0.00%",
            "halfyearhinc": "0.00%",
            "yearinc": "0.00%",
            "thisyearinc": "0.00%",
            "twoyearinc": "0.00%",
            "threeyearinc": "0.00%",
            "fiveyearinc": "0.00%",
            "setupinc": "0.00%",
            "webextend": null,
            "newfundtype": null,
            "declarestate": "0",
            "subscribestate": "1",
            "withdrawstate": "0",
            "valuagrstate": "1",
            "transstate": "0",
            "hopedeclarestate": "0",
            "redeemstate": "0",
            "tags": [],
            "fundsetupdate": "20190808",
            "ishot": "0",
            "productsetupdate": "20190808",
            "collectionflag": null,
            "subscribedate": null,
            "subscribeenddate": null,
            "operationmode": "开放式",
            "expectyield": null,
            "source": "0",
            "fullname": "恒生泰鑫一年定开B",
            "registerorganization": null,
            "custompurchasefeedesc": null,
            "custompurchasefeesw": "0",
            "customredemptfeedesc": null,
            "customredemptfeesw": "0",
            "customsubscriptfeedesc": null,
            "customsubscriptfeesw": "0",
            "fundpicname": null,
            "taxreductionfund": null,
            "taxreductionsharetype": null
        },
        {
            "fundname": "恒生经济股票A",
            "fundfullname": "",
            "shortname": "恒生经济股票A",
            "shortpinyin": null,
            "fundcode": "000889",
            "managerfee": "0.05%",
            "trusteefee": "0.05%",
            "fundtype": "0",
            "fundsubtype": null,
            "manageproductstyle": null,
            "proseries": null,
            "manageproductperiod": null,
            "startamount": "1",
            "middleextra": null,
            "productduetime": null,
            "fundtypestr": "普通",
            "fundtypedisplay": "02",
            "fundtypedisplaystr": "股票型",
            "contractflag": "",
            "fundstate": "1",
            "fundstatestr": "",
            "risklevel": "1",
            "risklevelstr": "R2-中低风险",
            "sharetype": "",
            "hfincomeratio": "0.0000",
            "incomeratio": "0.0000%",
            "expectedyield": "",
            "buybusin": "nobuy",
            "navdate": "20190813",
            "accepthqdate": "",
            "pernetvalue": "1.0000",
            "totalnetvalue": "1.0000",
            "dayinc": "0.00%",
            "weekinc": "0.00%",
            "fourweekinc": "--",
            "monthinc": "0.00%",
            "seasonhinc": "0.00%",
            "halfyearhinc": "0.00%",
            "yearinc": "0.00%",
            "thisyearinc": "0.00%",
            "twoyearinc": "0.00%",
            "threeyearinc": "0.00%",
            "fiveyearinc": "0.00%",
            "setupinc": "0.00%",
            "webextend": null,
            "newfundtype": null,
            "declarestate": "1",
            "subscribestate": "0",
            "withdrawstate": "0",
            "valuagrstate": "0",
            "transstate": "0",
            "hopedeclarestate": "0",
            "redeemstate": "0",
            "tags": null,
            "fundsetupdate": "20190808",
            "ishot": "0",
            "productsetupdate": "20190808",
            "collectionflag": null,
            "subscribedate": null,
            "subscribeenddate": null,
            "operationmode": "开放式",
            "expectyield": null,
            "source": "1",
            "fullname": "恒生经济股票A",
            "registerorganization": null,
            "custompurchasefeedesc": null,
            "custompurchasefeesw": "0",
            "customredemptfeedesc": null,
            "customredemptfeesw": "0",
            "customsubscriptfeedesc": null,
            "customsubscriptfeesw": "0",
            "fundpicname": null,
            "taxreductionfund": "0",
            "taxreductionsharetype": null
        },
        {
            "fundname": "恒生高端制造股票",
            "fundfullname": "恒生高端制造股票",
            "shortname": "恒生高端",
            "shortpinyin": "HSGD",
            "fundcode": "001707",
            "managerfee": "0.05%",
            "trusteefee": "0.05%",
            "fundtype": "B",
            "fundsubtype": "0",
            "manageproductstyle": null,
            "proseries": null,
            "manageproductperiod": null,
            "startamount": "1",
            "middleextra": null,
            "productduetime": null,
            "fundtypestr": "偏股型",
            "fundtypedisplay": "02",
            "fundtypedisplaystr": "股票型",
            "contractflag": "",
            "fundstate": "0",
            "fundstatestr": "正常",
            "risklevel": "1",
            "risklevelstr": "R2-中低风险",
            "sharetype": "A",
            "hfincomeratio": "0.0000",
            "incomeratio": "2.1286%",
            "expectedyield": null,
            "buybusin": "022",
            "navdate": "20190904",
            "accepthqdate": "20190905",
            "pernetvalue": "1.0000",
            "totalnetvalue": "1.0000",
            "dayinc": "0.00%",
            "weekinc": "--",
            "fourweekinc": "--",
            "monthinc": "--",
            "seasonhinc": "--",
            "halfyearhinc": "--",
            "yearinc": "--",
            "thisyearinc": "--",
            "twoyearinc": "--",
            "threeyearinc": "--",
            "fiveyearinc": "--",
            "setupinc": "--",
            "webextend": null,
            "newfundtype": null,
            "declarestate": "1",
            "subscribestate": "0",
            "withdrawstate": "1",
            "valuagrstate": "1",
            "transstate": "1",
            "hopedeclarestate": "1",
            "redeemstate": "1",
            "tags": [
                "布局高端",
                "精工制造"
            ],
            "fundsetupdate": "20190808",
            "ishot": "0",
            "productsetupdate": "20190808",
            "collectionflag": null,
            "subscribedate": null,
            "subscribeenddate": null,
            "operationmode": "开放式",
            "expectyield": null,
            "source": "0",
            "fullname": "恒生高端制造股票",
            "registerorganization": null,
            "custompurchasefeedesc": null,
            "custompurchasefeesw": "0",
            "customredemptfeedesc": null,
            "customredemptfeesw": "0",
            "customsubscriptfeedesc": null,
            "customsubscriptfeesw": "0",
            "fundpicname": null,
            "taxreductionfund": null,
            "taxreductionsharetype": null
        },
        {
            "fundname": "恒生泰鑫一年定开A",
            "fundfullname": "恒生泰鑫一年定开A",
            "shortname": "恒生泰鑫",
            "shortpinyin": "HSTX",
            "fundcode": "000201",
            "managerfee": "0.05%",
            "trusteefee": "0.05%",
            "fundtype": "D",
            "fundsubtype": "0",
            "manageproductstyle": null,
            "proseries": null,
            "manageproductperiod": null,
            "startamount": ".01",
            "middleextra": null,
            "productduetime": null,
            "fundtypestr": "偏债型",
            "fundtypedisplay": "00",
            "fundtypedisplaystr": "货币型",
            "contractflag": "",
            "fundstate": "0",
            "fundstatestr": "正常",
            "risklevel": "3",
            "risklevelstr": "R4-中高风险",
            "sharetype": "A",
            "hfincomeratio": "0.0000",
            "incomeratio": "0.0000%",
            "expectedyield": null,
            "buybusin": "022",
            "navdate": "20190904",
            "accepthqdate": "20190905",
            "pernetvalue": "1.3700",
            "totalnetvalue": "1.4700",
            "dayinc": "1.48%",
            "weekinc": "6.20%",
            "fourweekinc": "--",
            "monthinc": "6.20%",
            "seasonhinc": "52.57%",
            "halfyearhinc": "52.57%",
            "yearinc": "52.57%",
            "thisyearinc": "52.57%",
            "twoyearinc": "52.57%",
            "threeyearinc": "52.57%",
            "fiveyearinc": "52.57%",
            "setupinc": "52.57%",
            "webextend": null,
            "newfundtype": null,
            "declarestate": "1",
            "subscribestate": "0",
            "withdrawstate": "1",
            "valuagrstate": "1",
            "transstate": "1",
            "hopedeclarestate": "1",
            "redeemstate": "1",
            "tags": [],
            "fundsetupdate": "20190808",
            "ishot": "0",
            "productsetupdate": "20190808",
            "collectionflag": null,
            "subscribedate": null,
            "subscribeenddate": null,
            "operationmode": "开放式",
            "expectyield": null,
            "source": "0",
            "fullname": "恒生泰鑫一年定开A",
            "registerorganization": null,
            "custompurchasefeedesc": null,
            "custompurchasefeesw": "0",
            "customredemptfeedesc": null,
            "customredemptfeesw": "0",
            "customsubscriptfeedesc": null,
            "customsubscriptfeesw": "0",
            "fundpicname": null,
            "taxreductionfund": null,
            "taxreductionsharetype": null
        },
        {
            "fundname": "恒生上证新兴产业交易",
            "fundfullname": "恒生上证新兴产业交易型开放式指数证券投资",
            "shortname": "恒生上证",
            "shortpinyin": "HSSZ",
            "fundcode": "320014",
            "managerfee": "0.05%",
            "trusteefee": "0.05%",
            "fundtype": "F",
            "fundsubtype": "0",
            "manageproductstyle": null,
            "proseries": null,
            "manageproductperiod": null,
            "startamount": "1",
            "middleextra": null,
            "productduetime": null,
            "fundtypestr": "指数型",
            "fundtypedisplay": "05",
            "fundtypedisplaystr": "指数型",
            "contractflag": "",
            "fundstate": "0",
            "fundstatestr": "正常",
            "risklevel": "3",
            "risklevelstr": "R4-中高风险",
            "sharetype": "A",
            "hfincomeratio": "0.0000",
            "incomeratio": "0.0000%",
            "expectedyield": null,
            "buybusin": "022",
            "navdate": "20190904",
            "accepthqdate": "20190905",
            "pernetvalue": "1.1100",
            "totalnetvalue": "1.1100",
            "dayinc": "0.00%",
            "weekinc": "0.00%",
            "fourweekinc": "--",
            "monthinc": "0.00%",
            "seasonhinc": "11.00%",
            "halfyearhinc": "11.00%",
            "yearinc": "11.00%",
            "thisyearinc": "11.00%",
            "twoyearinc": "11.00%",
            "threeyearinc": "11.00%",
            "fiveyearinc": "11.00%",
            "setupinc": "11.00%",
            "webextend": null,
            "newfundtype": null,
            "declarestate": "1",
            "subscribestate": "0",
            "withdrawstate": "1",
            "valuagrstate": "1",
            "transstate": "1",
            "hopedeclarestate": "1",
            "redeemstate": "1",
            "tags": [
                "指数为王",
                "上证50"
            ],
            "fundsetupdate": "20190808",
            "ishot": "1",
            "productsetupdate": "20190808",
            "collectionflag": null,
            "subscribedate": null,
            "subscribeenddate": null,
            "operationmode": "开放式",
            "expectyield": null,
            "source": "0",
            "fullname": "恒生上证新兴产业交易型开放式指数证券投资",
            "registerorganization": null,
            "custompurchasefeedesc": null,
            "custompurchasefeesw": "0",
            "customredemptfeedesc": null,
            "customredemptfeesw": "0",
            "customsubscriptfeedesc": null,
            "customsubscriptfeesw": "0",
            "fundpicname": null,
            "taxreductionfund": null,
            "taxreductionsharetype": null
        },
        {
            "fundname": "恒生天天宝货币市场基",
            "fundfullname": "恒生天天宝货币市场基金B",
            "shortname": "恒生天天宝",
            "shortpinyin": "HSTTB",
            "fundcode": "225010",
            "managerfee": "0.05%",
            "trusteefee": "0.05%",
            "fundtype": "2",
            "fundsubtype": "0",
            "manageproductstyle": null,
            "proseries": null,
            "manageproductperiod": null,
            "startamount": ".0001",
            "middleextra": null,
            "productduetime": null,
            "fundtypestr": "货币",
            "fundtypedisplay": "00",
            "fundtypedisplaystr": "货币型",
            "contractflag": "",
            "fundstate": "0",
            "fundstatestr": "正常",
            "risklevel": "0",
            "risklevelstr": "R1-低风险",
            "sharetype": "A",
            "hfincomeratio": "0.0000",
            "incomeratio": "1.3643%",
            "expectedyield": null,
            "buybusin": "022",
            "navdate": "20190904",
            "accepthqdate": "20190905",
            "pernetvalue": "1.0000",
            "totalnetvalue": "1.0000",
            "dayinc": "0.00%",
            "weekinc": "--",
            "fourweekinc": "--",
            "monthinc": "--",
            "seasonhinc": "--",
            "halfyearhinc": "--",
            "yearinc": "--",
            "thisyearinc": "--",
            "twoyearinc": "--",
            "threeyearinc": "--",
            "fiveyearinc": "--",
            "setupinc": "--",
            "webextend": null,
            "newfundtype": null,
            "declarestate": "1",
            "subscribestate": "0",
            "withdrawstate": "1",
            "valuagrstate": "1",
            "transstate": "1",
            "hopedeclarestate": "1",
            "redeemstate": "1",
            "tags": [
                "收益稳健",
                "投资灵活"
            ],
            "fundsetupdate": "20190808",
            "ishot": "0",
            "productsetupdate": "20190808",
            "collectionflag": null,
            "subscribedate": null,
            "subscribeenddate": null,
            "operationmode": "开放式",
            "expectyield": null,
            "source": "0",
            "fullname": "恒生天天宝货币市场基金B",
            "registerorganization": null,
            "custompurchasefeedesc": null,
            "custompurchasefeesw": "0",
            "customredemptfeedesc": null,
            "customredemptfeesw": "0",
            "customsubscriptfeedesc": null,
            "customsubscriptfeesw": "0",
            "fundpicname": null,
            "taxreductionfund": null,
            "taxreductionsharetype": null
        },
        {
            "fundname": "恒生货币基金B",
            "fundfullname": "恒生货币基金B",
            "shortname": "恒生货币基金B",
            "shortpinyin": "HSHBJJB",
            "fundcode": "080011",
            "managerfee": "0.05%",
            "trusteefee": "0.05%",
            "fundtype": "2",
            "fundsubtype": "0",
            "manageproductstyle": null,
            "proseries": null,
            "manageproductperiod": null,
            "startamount": "9999",
            "middleextra": null,
            "productduetime": null,
            "fundtypestr": "货币",
            "fundtypedisplay": "00",
            "fundtypedisplaystr": "货币型",
            "contractflag": "",
            "fundstate": "0",
            "fundstatestr": "正常",
            "risklevel": "0",
            "risklevelstr": "R1-低风险",
            "sharetype": "A",
            "hfincomeratio": "0.0000",
            "incomeratio": "3.1714%",
            "expectedyield": null,
            "buybusin": "022",
            "navdate": "20190904",
            "accepthqdate": "20190905",
            "pernetvalue": "1.0000",
            "totalnetvalue": "1.0000",
            "dayinc": "0.00%",
            "weekinc": "--",
            "fourweekinc": "--",
            "monthinc": "--",
            "seasonhinc": "--",
            "halfyearhinc": "--",
            "yearinc": "--",
            "thisyearinc": "--",
            "twoyearinc": "--",
            "threeyearinc": "--",
            "fiveyearinc": "--",
            "setupinc": "--",
            "webextend": null,
            "newfundtype": null,
            "declarestate": "1",
            "subscribestate": "0",
            "withdrawstate": "1",
            "valuagrstate": "1",
            "transstate": "1",
            "hopedeclarestate": "1",
            "redeemstate": "1",
            "tags": [
                "收益稳健"
            ],
            "fundsetupdate": "20190808",
            "ishot": "1",
            "productsetupdate": "20190808",
            "collectionflag": null,
            "subscribedate": null,
            "subscribeenddate": null,
            "operationmode": "开放式",
            "expectyield": null,
            "source": "0",
            "fullname": "恒生货币基金B66",
            "registerorganization": null,
            "custompurchasefeedesc": null,
            "custompurchasefeesw": "1",
            "customredemptfeedesc": null,
            "customredemptfeesw": "1",
            "customsubscriptfeedesc": null,
            "customsubscriptfeesw": "1",
            "fundpicname": null,
            "taxreductionfund": null,
            "taxreductionsharetype": null
        },
        {
            "fundname": "恒生货币基金A",
            "fundfullname": "恒生货币基金A",
            "shortname": "恒生货币基金A",
            "shortpinyin": "HSHBJJA",
            "fundcode": "080010",
            "managerfee": "0.05%",
            "trusteefee": "0.05%",
            "fundtype": "2",
            "fundsubtype": "0",
            "manageproductstyle": null,
            "proseries": null,
            "manageproductperiod": null,
            "startamount": ".0001",
            "middleextra": null,
            "productduetime": null,
            "fundtypestr": "货币",
            "fundtypedisplay": "00",
            "fundtypedisplaystr": "货币型",
            "contractflag": "",
            "fundstate": "0",
            "fundstatestr": "正常",
            "risklevel": "2",
            "risklevelstr": "R3-中风险",
            "sharetype": "A",
            "hfincomeratio": "0.0000",
            "incomeratio": "2.6500%",
            "expectedyield": null,
            "buybusin": "022",
            "navdate": "20190904",
            "accepthqdate": "20190905",
            "pernetvalue": "1.0000",
            "totalnetvalue": "1.0000",
            "dayinc": "0.00%",
            "weekinc": "--",
            "fourweekinc": "--",
            "monthinc": "--",
            "seasonhinc": "--",
            "halfyearhinc": "--",
            "yearinc": "--",
            "thisyearinc": "--",
            "twoyearinc": "--",
            "threeyearinc": "--",
            "fiveyearinc": "--",
            "setupinc": "--",
            "webextend": null,
            "newfundtype": null,
            "declarestate": "1",
            "subscribestate": "0",
            "withdrawstate": "1",
            "valuagrstate": "1",
            "transstate": "1",
            "hopedeclarestate": "1",
            "redeemstate": "1",
            "tags": [
                "定期开放"
            ],
            "fundsetupdate": "20190808",
            "ishot": "1",
            "productsetupdate": "20190808",
            "collectionflag": null,
            "subscribedate": null,
            "subscribeenddate": null,
            "operationmode": "开放式",
            "expectyield": null,
            "source": "0",
            "fullname": "恒生货币基金A",
            "registerorganization": null,
            "custompurchasefeedesc": null,
            "custompurchasefeesw": "0",
            "customredemptfeedesc": null,
            "customredemptfeesw": "0",
            "customsubscriptfeedesc": null,
            "customsubscriptfeesw": "0",
            "fundpicname": null,
            "taxreductionfund": null,
            "taxreductionsharetype": null
        },
        {
            "fundname": "恒生新经济股票",
            "fundfullname": "恒生新经济股票",
            "shortname": "恒生新经济",
            "shortpinyin": "HSXJJ",
            "fundcode": "000971",
            "managerfee": "0.05%",
            "trusteefee": "0.05%",
            "fundtype": "0",
            "fundsubtype": "0",
            "manageproductstyle": null,
            "proseries": null,
            "manageproductperiod": null,
            "startamount": ".1",
            "middleextra": null,
            "productduetime": null,
            "fundtypestr": "普通",
            "fundtypedisplay": "02",
            "fundtypedisplaystr": "股票型",
            "contractflag": "",
            "fundstate": "0",
            "fundstatestr": "正常",
            "risklevel": "1",
            "risklevelstr": "R2-中低风险",
            "sharetype": "A",
            "hfincomeratio": "0.0000",
            "incomeratio": "0.0000%",
            "expectedyield": null,
            "buybusin": "022",
            "navdate": "20190904",
            "accepthqdate": "20190905",
            "pernetvalue": "1.1300",
            "totalnetvalue": "1.2300",
            "dayinc": "653.33%",
            "weekinc": "659.94%",
            "fourweekinc": "--",
            "monthinc": "659.94%",
            "seasonhinc": "852.97%",
            "halfyearhinc": "852.97%",
            "yearinc": "852.97%",
            "thisyearinc": "852.97%",
            "twoyearinc": "852.97%",
            "threeyearinc": "852.97%",
            "fiveyearinc": "852.97%",
            "setupinc": "852.97%",
            "webextend": null,
            "newfundtype": null,
            "declarestate": "1",
            "subscribestate": "0",
            "withdrawstate": "1",
            "valuagrstate": "1",
            "transstate": "1",
            "hopedeclarestate": "1",
            "redeemstate": "1",
            "tags": [
                "定期开放"
            ],
            "fundsetupdate": "20190808",
            "ishot": "1",
            "productsetupdate": "20190808",
            "collectionflag": null,
            "subscribedate": null,
            "subscribeenddate": null,
            "operationmode": "开放式",
            "expectyield": null,
            "source": "0",
            "fullname": "恒生新经济股票",
            "registerorganization": null,
            "custompurchasefeedesc": null,
            "custompurchasefeesw": "1",
            "customredemptfeedesc": null,
            "customredemptfeesw": "1",
            "customsubscriptfeedesc": null,
            "customsubscriptfeesw": "1",
            "fundpicname": null,
            "taxreductionfund": null,
            "taxreductionsharetype": null
        },
        {
            "fundname": "恒生稳健回报混合A",
            "fundfullname": "恒生稳健回报混合A",
            "shortname": "恒生稳健",
            "shortpinyin": "HSWJ",
            "fundcode": "000714",
            "managerfee": "0.05%",
            "trusteefee": "0.05%",
            "fundtype": "A",
            "fundsubtype": "0",
            "manageproductstyle": null,
            "proseries": null,
            "manageproductperiod": null,
            "startamount": "1",
            "middleextra": null,
            "productduetime": null,
            "fundtypestr": "混合型",
            "fundtypedisplay": "04",
            "fundtypedisplaystr": "混合型",
            "contractflag": "",
            "fundstate": "0",
            "fundstatestr": "正常",
            "risklevel": "4",
            "risklevelstr": "R5-高风险",
            "sharetype": "A,B",
            "hfincomeratio": "0.0000",
            "incomeratio": "0.0000%",
            "expectedyield": null,
            "buybusin": "022",
            "navdate": "20190904",
            "accepthqdate": "20190905",
            "pernetvalue": "1.1200",
            "totalnetvalue": "1.1200",
            "dayinc": "-2.61%",
            "weekinc": "0.90%",
            "fourweekinc": "--",
            "monthinc": "0.90%",
            "seasonhinc": "12.00%",
            "halfyearhinc": "12.00%",
            "yearinc": "12.00%",
            "thisyearinc": "12.00%",
            "twoyearinc": "12.00%",
            "threeyearinc": "12.00%",
            "fiveyearinc": "12.00%",
            "setupinc": "12.00%",
            "webextend": null,
            "newfundtype": null,
            "declarestate": "1",
            "subscribestate": "0",
            "withdrawstate": "1",
            "valuagrstate": "1",
            "transstate": "0",
            "hopedeclarestate": "1",
            "redeemstate": "1",
            "tags": [
                "收益稳健",
                "混合投资"
            ],
            "fundsetupdate": "20190808",
            "ishot": "0",
            "productsetupdate": "20190808",
            "collectionflag": null,
            "subscribedate": null,
            "subscribeenddate": null,
            "operationmode": "开放式",
            "expectyield": null,
            "source": "0",
            "fullname": "恒生稳健回报混合A",
            "registerorganization": null,
            "custompurchasefeedesc": null,
            "custompurchasefeesw": "0",
            "customredemptfeedesc": null,
            "customredemptfeesw": "0",
            "customsubscriptfeedesc": null,
            "customsubscriptfeesw": "0",
            "fundpicname": null,
            "taxreductionfund": null,
            "taxreductionsharetype": null
        },
        {
            "fundname": "恒生天天宝货币市场基",
            "fundfullname": "恒生天天宝货币市场基金A",
            "shortname": "天天宝货币基金A",
            "shortpinyin": "TTBHBSCJJA",
            "fundcode": "000559",
            "managerfee": "0.05%",
            "trusteefee": "0.05%",
            "fundtype": "2",
            "fundsubtype": "0",
            "manageproductstyle": null,
            "proseries": null,
            "manageproductperiod": null,
            "startamount": ".0001",
            "middleextra": null,
            "productduetime": null,
            "fundtypestr": "货币",
            "fundtypedisplay": "00",
            "fundtypedisplaystr": "货币型",
            "contractflag": "",
            "fundstate": "0",
            "fundstatestr": "正常",
            "risklevel": "0",
            "risklevelstr": "R1-低风险",
            "sharetype": "A",
            "hfincomeratio": "0.0000",
            "incomeratio": "1.0020%",
            "expectedyield": null,
            "buybusin": "022",
            "navdate": "20190904",
            "accepthqdate": "20190905",
            "pernetvalue": "1.0000",
            "totalnetvalue": "1.0000",
            "dayinc": "0.00%",
            "weekinc": "--",
            "fourweekinc": "--",
            "monthinc": "--",
            "seasonhinc": "--",
            "halfyearhinc": "--",
            "yearinc": "--",
            "thisyearinc": "--",
            "twoyearinc": "--",
            "threeyearinc": "--",
            "fiveyearinc": "--",
            "setupinc": "--",
            "webextend": null,
            "newfundtype": null,
            "declarestate": "1",
            "subscribestate": "0",
            "withdrawstate": "1",
            "valuagrstate": "1",
            "transstate": "1",
            "hopedeclarestate": "1",
            "redeemstate": "1",
            "tags": [
                "大数据",
                "数据时代",
                "投资灵活"
            ],
            "fundsetupdate": "20190731",
            "ishot": "1",
            "productsetupdate": "20190731",
            "collectionflag": null,
            "subscribedate": null,
            "subscribeenddate": null,
            "operationmode": "开放式",
            "expectyield": null,
            "source": "0",
            "fullname": "恒生天天宝货币市场基金A",
            "registerorganization": null,
            "custompurchasefeedesc": null,
            "custompurchasefeesw": "0",
            "customredemptfeedesc": null,
            "customredemptfeesw": "0",
            "customsubscriptfeedesc": null,
            "customsubscriptfeesw": "0",
            "fundpicname": null,
            "taxreductionfund": null,
            "taxreductionsharetype": null
        },
        {
            "fundname": "恒生信用债一年开放",
            "fundfullname": "",
            "shortname": "恒生信用",
            "shortpinyin": null,
            "fundcode": "000151",
            "managerfee": "0.05%",
            "trusteefee": "0.05%",
            "fundtype": "E",
            "fundsubtype": null,
            "manageproductstyle": null,
            "proseries": null,
            "manageproductperiod": null,
            "startamount": "10",
            "middleextra": null,
            "productduetime": null,
            "fundtypestr": "债券型",
            "fundtypedisplay": null,
            "fundtypedisplaystr": null,
            "contractflag": "",
            "fundstate": "0",
            "fundstatestr": "正常",
            "risklevel": "2",
            "risklevelstr": "R3-中风险",
            "sharetype": "",
            "hfincomeratio": "0.0000",
            "incomeratio": "0.0000%",
            "expectedyield": "",
            "buybusin": "nobuy",
            "navdate": "20190904",
            "accepthqdate": "",
            "pernetvalue": "1.0000",
            "totalnetvalue": "1.0000",
            "dayinc": "0.00%",
            "weekinc": "0.00%",
            "fourweekinc": "--",
            "monthinc": "0.00%",
            "seasonhinc": "0.00%",
            "halfyearhinc": "0.00%",
            "yearinc": "0.00%",
            "thisyearinc": "0.00%",
            "twoyearinc": "0.00%",
            "threeyearinc": "0.00%",
            "fiveyearinc": "0.00%",
            "setupinc": "0.00%",
            "webextend": null,
            "newfundtype": null,
            "declarestate": "0",
            "subscribestate": "0",
            "withdrawstate": "0",
            "valuagrstate": "0",
            "transstate": "0",
            "hopedeclarestate": "0",
            "redeemstate": "0",
            "tags": null,
            "fundsetupdate": "20190808",
            "ishot": "0",
            "productsetupdate": "20190808",
            "collectionflag": null,
            "subscribedate": null,
            "subscribeenddate": null,
            "operationmode": "开放式",
            "expectyield": null,
            "source": "0",
            "fullname": "恒生信用债一年开放恒生信用债一年开放",
            "registerorganization": null,
            "custompurchasefeedesc": null,
            "custompurchasefeesw": "0",
            "customredemptfeedesc": null,
            "customredemptfeesw": "0",
            "customsubscriptfeedesc": null,
            "customsubscriptfeesw": "0",
            "fundpicname": null,
            "taxreductionfund": "0",
            "taxreductionsharetype": null
        }
    ],
    "clientid": "0b8eeeb77eed40a29a247c507c0423ce",
    "code": "ETS-5BP00000",
    "successful": true,
    "token": null,
    "message": "查询成功！"
}